VTX	 IDX	 in_normal.x	 in_normal.y	 in_normal.z	 in_position.x	 in_position.y	 in_position.z	 in_tangent.x	 in_tangent.y	 in_tangent.z	 in_texcoord0.x	 in_texcoord0.y
0	0	0.99213	0	0	-27.00713	10.57849	192.8342	0	0	-0.99213	0.14503	0.36639
1	1	0.99213	0	0	-26.9059	0.07052	209.13519	0	0	-0.99213	0.07904	0.40618
2	2	0.99213	0	0	-27.00713	0.07052	192.8342	0	0	-0.99213	0.14503	0.40618
3	3	0.30709	0	-0.94488	-38.2601	128.87781	477.86261	-0.94488	-0.00787	-0.30709	0.04879	0.40858
4	4	0.30709	0	-0.94488	-38.2601	188.4319	477.86261	-0.94488	0	-0.30709	0.04844	0.35763
5	5	0.89764	0	-0.43307	-30.98972	128.87781	483.40991	-0.43307	-0.00787	-0.89764	0.04103	0.4087
6	5	0.89764	0	-0.43307	-30.98972	128.87781	483.40991	-0.43307	-0.00787	-0.89764	0.04103	0.4087
7	4	0.30709	0	-0.94488	-38.2601	188.4319	477.86261	-0.94488	0	-0.30709	0.04844	0.35763
8	6	0.89764	0	-0.43307	-30.98972	188.4319	483.40991	-0.43307	0	-0.89764	0.04069	0.35763
9	7	0.30709	0	-0.94488	-38.2601	128.87781	477.86261	-0.94488	0	-0.30709	0.01859	0.40909
10	8	-0.01575	0	-0.99213	-70.06245	128.87781	478.4491	-0.99213	0	0.01575	0.04489	0.40929
11	9	0.30709	0	-0.94488	-38.2601	188.4319	477.86261	-0.94488	0	-0.30709	0.01899	0.35719
12	9	0.30709	0	-0.94488	-38.2601	188.4319	477.86261	-0.94488	0	-0.30709	0.01899	0.35719
13	8	-0.01575	0	-0.99213	-70.06245	128.87781	478.4491	-0.99213	0	0.01575	0.04489	0.40929
14	10	-0.01575	0	-0.99213	-70.06245	188.4319	478.4491	-0.99213	0	0.01575	0.04569	0.35739
15	11	0.99213	0	0.00787	-31.0787	128.87781	489.11801	0.00787	0	-0.99213	0.03893	0.40959
16	12	0.89764	0	-0.43307	-30.98972	128.87781	483.40991	-0.43307	0	-0.89764	0.04373	0.40959
17	13	0.99213	0	0.00787	-31.0787	188.4319	489.11801	0.00787	0	-0.99213	0.03933	0.35769
18	13	0.99213	0	0.00787	-31.0787	188.4319	489.11801	0.00787	0	-0.99213	0.03933	0.35769
19	12	0.89764	0	-0.43307	-30.98972	128.87781	483.40991	-0.43307	0	-0.89764	0.04373	0.40959
20	14	0.89764	0	-0.43307	-30.98972	188.4319	483.40991	-0.43307	0	-0.89764	0.04413	0.35769
21	15	1	0	0	-31.08409	128.87781	513.36121	0	-0.00787	-0.99213	0.94021	0.45418
22	16	0.99213	0	0.00787	-31.0787	128.87781	489.11801	0.00787	0	-0.99213	0.96709	0.45378
23	17	1	0	0	-31.08409	188.4319	513.36121	0	0	-0.99213	0.94001	0.38283
24	17	1	0	0	-31.08409	188.4319	513.36121	0	0	-0.99213	0.94001	0.38283
25	16	0.99213	0	0.00787	-31.0787	128.87781	489.11801	0.00787	0	-0.99213	0.96709	0.45378
26	18	0.99213	0	0.00787	-31.0787	188.4319	489.11801	0.00787	0	-0.99213	0.96768	0.38303
27	19	-0.02362	0	-0.99213	-31.08409	128.87781	513.36121	-0.99213	0	0.02362	0.94021	0.45418
28	20	-0.02362	0	-0.99213	-31.08409	188.4319	513.36121	-0.99213	0	0.02362	0.94001	0.38283
29	21	-0.02362	0	-0.99213	-24.67478	128.87781	513.17029	-0.99213	0	0.02362	0.9327	0.45418
30	21	-0.02362	0	-0.99213	-24.67478	128.87781	513.17029	-0.99213	0	0.02362	0.9327	0.45418
31	20	-0.02362	0	-0.99213	-31.08409	188.4319	513.36121	-0.99213	0	0.02362	0.94001	0.38283
32	22	-0.02362	0	-0.99213	-24.67478	188.4319	513.17029	-0.99213	0	0.02362	0.9327	0.38283
33	23	0.99213	0	0	-24.53101	128.87781	550.32159	0	0	-0.99213	0.88982	0.45418
34	24	0.99213	0	0	-24.67478	128.87781	513.17029	0	0	-0.99213	0.9327	0.45418
35	25	0.99213	0	0	-24.53101	188.4319	550.32159	0	0	-0.99213	0.89021	0.38244
36	25	0.99213	0	0	-24.53101	188.4319	550.32159	0	0	-0.99213	0.89021	0.38244
37	24	0.99213	0	0	-24.67478	128.87781	513.17029	0	0	-0.99213	0.9327	0.45418
38	26	0.99213	0	0	-24.67478	188.4319	513.17029	0	0.00787	-0.99213	0.9327	0.38283
39	27	0.97638	0	-0.1811	47.72514	33.94006	560.32111	-0.1811	-0.00787	-0.97638	0.31663	0.23479
40	28	0.9685	0	-0.23622	38.5687	33.94006	531.28882	-0.23622	-0.00787	-0.9685	0.33243	0.23459
41	29	0.97638	0	-0.1811	47.72514	68.20684	560.32111	-0.1811	-0.00787	-0.97638	0.31643	0.21619
42	29	0.97638	0	-0.1811	47.72514	68.20684	560.32111	-0.1811	-0.00787	-0.97638	0.31643	0.21619
43	28	0.9685	0	-0.23622	38.5687	33.94006	531.28882	-0.23622	-0.00787	-0.9685	0.33243	0.23459
44	30	0.9685	0	-0.23622	38.5687	68.20684	531.28882	-0.23622	0	-0.9685	0.33233	0.21609
45	31	0.99213	0	-0.05512	48.59188	33.94006	574.77417	-0.05512	0	-0.99213	0.30913	0.23479
46	32	0.97638	0	-0.1811	47.72514	33.94006	560.32111	-0.1811	0	-0.97638	0.31663	0.23479
47	33	0.99213	0	-0.05512	48.59188	68.20684	574.77417	-0.05512	0	-0.99213	0.30893	0.21629
48	33	0.99213	0	-0.05512	48.59188	68.20684	574.77417	-0.05512	0	-0.99213	0.30893	0.21629
49	32	0.97638	0	-0.1811	47.72514	33.94006	560.32111	-0.1811	0	-0.97638	0.31663	0.23479
50	34	0.97638	0	-0.1811	47.72514	68.20684	560.32111	-0.1811	-0.00787	-0.97638	0.31643	0.21619
51	31	0.99213	0	-0.05512	48.59188	33.94006	574.77417	-0.05512	0	-0.99213	0.30913	0.23479
52	35	0.97638	0	-0.1811	47.72514	-0.33618	560.32111	-0.1811	0	-0.97638	0.31683	0.25329
53	36	0.97638	0	-0.1811	47.72514	33.94006	560.32111	-0.1811	0	-0.97638	0.31663	0.23479
54	37	0.99213	0	-0.05512	48.59188	-0.33618	574.77417	-0.05512	0	-0.99213	0.30923	0.25329
55	35	0.97638	0	-0.1811	47.72514	-0.33618	560.32111	-0.1811	0	-0.97638	0.31683	0.25329
56	31	0.99213	0	-0.05512	48.59188	33.94006	574.77417	-0.05512	0	-0.99213	0.30913	0.23479
57	38	0.9685	0	-0.23622	38.5687	-0.33618	531.28882	-0.23622	0	-0.9685	0.33263	0.25309
58	39	0.98425	0	-0.17323	32.38428	-0.33618	496.55301	-0.17323	0	-0.98425	0.35093	0.25299
59	40	0.9685	0	-0.23622	38.5687	33.94006	531.28882	-0.23622	0	-0.9685	0.33243	0.23459
60	40	0.9685	0	-0.23622	38.5687	33.94006	531.28882	-0.23622	0	-0.9685	0.33243	0.23459
61	39	0.98425	0	-0.17323	32.38428	-0.33618	496.55301	-0.17323	0	-0.98425	0.35093	0.25299
62	41	0.98425	0	-0.17323	32.38428	33.94006	496.55301	-0.17323	-0.00787	-0.98425	0.35083	0.23439
63	42	0.97638	0	-0.1811	47.72514	-0.33618	560.32111	-0.1811	-0.00787	-0.97638	0.31683	0.25329
64	43	0.9685	0	-0.23622	38.5687	-0.33618	531.28882	-0.23622	-0.00787	-0.9685	0.33263	0.25309
65	44	0.97638	0	-0.1811	47.72514	33.94006	560.32111	-0.1811	-0.00787	-0.97638	0.31663	0.23479
66	44	0.97638	0	-0.1811	47.72514	33.94006	560.32111	-0.1811	-0.00787	-0.97638	0.31663	0.23479
67	43	0.9685	0	-0.23622	38.5687	-0.33618	531.28882	-0.23622	-0.00787	-0.9685	0.33263	0.25309
68	45	0.9685	0	-0.23622	38.5687	33.94006	531.28882	-0.23622	-0.00787	-0.9685	0.33243	0.23459
69	46	-0.99213	0	0.11024	10.70796	0.25968	421.77719	0.11024	0	0.99213	0.07755	0.1991
70	47	-0.99213	0	0.11024	12.84445	0.25968	439.77328	0.11024	0	0.99213	0.10075	0.1992
71	48	-0.99213	0	0.11024	10.70796	9.22598	421.77719	0.11024	0	0.99213	0.07765	0.1872
72	48	-0.99213	0	0.11024	10.70796	9.22598	421.77719	0.11024	0	0.99213	0.07765	0.1872
73	47	-0.99213	0	0.11024	12.84445	0.25968	439.77328	0.11024	0	0.99213	0.10075	0.1992
74	49	-0.99213	0	0.11024	12.84445	9.22598	439.77328	0.11024	0	0.99213	0.10075	0.1872
75	50	-0.11024	0	-0.99213	19.62293	0.25968	420.7211	-0.99213	0	0.11024	0.26137	0.40793
76	51	-0.11024	0	-0.99213	10.70796	0.25968	421.77719	-0.99213	0	0.11024	0.30572	0.40813
77	52	-0.11024	0	-0.99213	19.62293	9.22598	420.7211	-0.99213	0	0.11024	0.26134	0.37015
78	52	-0.11024	0	-0.99213	19.62293	9.22598	420.7211	-0.99213	0	0.11024	0.26134	0.37015
79	51	-0.11024	0	-0.99213	10.70796	0.25968	421.77719	-0.99213	0	0.11024	0.30572	0.40813
80	53	-0.11024	0	-0.99213	10.70796	9.22598	421.77719	-0.99213	0	0.11024	0.3057	0.37025
81	54	0.99213	0	-0.11024	21.75084	0.25968	438.72198	0.11024	0	0.99213	0.10085	0.1639
82	55	0.99213	0	-0.11024	19.62293	0.25968	420.7211	0.11024	0	0.99213	0.07765	0.1638
83	56	0.99213	0	-0.11024	21.75084	9.22598	438.72198	0.11024	0	0.99213	0.10085	0.1758
84	56	0.99213	0	-0.11024	21.75084	9.22598	438.72198	0.11024	0	0.99213	0.10085	0.1758
85	55	0.99213	0	-0.11024	19.62293	0.25968	420.7211	0.11024	0	0.99213	0.07765	0.1638
86	57	0.99213	0	-0.11024	19.62293	9.22598	420.7211	0.11024	0	0.99213	0.07765	0.1757
87	58	0.11024	0	0.99213	12.84445	0.25968	439.77328	0.00787	-0.99213	0	0.11265	0.1873
88	59	0.11024	0	0.99213	21.75084	0.25968	438.72198	0	-0.99213	0	0.11275	0.1758
89	60	0.11024	0	0.99213	12.84445	9.22598	439.77328	0	-0.99213	0	0.10075	0.1872
90	60	0.11024	0	0.99213	12.84445	9.22598	439.77328	0	-0.99213	0	0.10075	0.1872
91	59	0.11024	0	0.99213	21.75084	0.25968	438.72198	0	-0.99213	0	0.11275	0.1758
92	61	0.11024	0	0.99213	21.75084	9.22598	438.72198	0	-1	0	0.10085	0.1758
93	62	0	1	0	12.84445	9.22598	439.77328	0.11024	0	0.99213	0.10075	0.1872
94	63	0	1	0	21.75084	9.22598	438.72198	0.11811	0	0.99213	0.10085	0.1758
95	64	0	1	0	10.70796	9.22598	421.77719	0.11811	0	0.99213	0.07765	0.1872
96	64	0	1	0	10.70796	9.22598	421.77719	0.11811	0	0.99213	0.07765	0.1872
97	63	0	1	0	21.75084	9.22598	438.72198	0.11811	0	0.99213	0.10085	0.1758
98	65	0	1	0	19.62293	9.22598	420.7211	0.11811	0	0.99213	0.07765	0.1757
99	66	0	0	-0.99213	-40.2955	54.57768	137.6586	-0.99213	0	0	0.78252	0.83312
100	67	0	0	-0.99213	-161.67551	124.5205	138.2818	-0.99213	0	0	0.99837	0.71577
101	68	0	0	-0.99213	-40.2955	124.5205	137.6586	-0.99213	0	0	0.78252	0.71577
102	66	0	0	-0.99213	-40.2955	54.57768	137.6586	-0.99213	0	0	0.78252	0.83312
103	69	0	0	-0.99213	-49.17658	54.57768	137.7189	-0.99213	0	0	0.79917	0.83312
104	67	0	0	-0.99213	-161.67551	124.5205	138.2818	-0.99213	0	0	0.99837	0.71577
105	69	0	0	-0.99213	-49.17658	54.57768	137.7189	-0.99213	0	0	0.79917	0.83312
106	70	0	0	-0.99213	-161.67551	54.57768	138.2775	-0.99213	0	0	0.99837	0.83312
107	67	0	0	-0.99213	-161.67551	124.5205	138.2818	-0.99213	0	0	0.99837	0.71577
108	71	0.05512	0	-0.99213	-32.71162	113.7383	374.14041	0	0.99213	0	0.37863	0.29422
109	72	0.05512	0	-0.99213	-32.68195	102.7858	374.11292	0	0.99213	0	0.35996	0.29422
110	73	0.05512	0	-0.99213	-55.45028	113.6626	372.80841	0	0.99213	0	0.37864	0.26117
111	73	0.05512	0	-0.99213	-55.45028	113.6626	372.80841	0	0.99213	0	0.37864	0.26117
112	72	0.05512	0	-0.99213	-32.68195	102.7858	374.11292	0	0.99213	0	0.35996	0.29422
113	74	0.05512	0	-0.99213	-55.4292	102.7101	372.78561	0	0.99213	0	0.35997	0.26116
114	75	0.99213	0	0.02362	-32.71162	113.7383	374.14041	0	0.99213	0	0.37863	0.29422
115	76	0.99213	0	0.02362	-34.51019	113.4545	441.86261	0	0.99213	0	0.37864	0.26118
116	77	0.99213	0	0.02362	-32.68195	102.7858	374.11292	0	0.99213	0	0.35996	0.29422
117	77	0.99213	0	0.02362	-32.68195	102.7858	374.11292	0	0.99213	0	0.35996	0.29422
118	76	0.99213	0	0.02362	-34.51019	113.4545	441.86261	0	0.99213	0	0.37864	0.26118
119	78	0.99213	0	0.02362	-34.48436	102.502	441.84839	0	0.99213	0	0.35997	0.26118
120	79	-0.99213	0	0.01575	10.7622	68.20684	561.2677	0.01575	-0.00787	0.99213	0.39413	0.21559
121	80	-0.99213	0	0.01575	11.09948	68.20684	575.90057	0.01575	0	0.99213	0.40173	0.21549
122	81	-0.99213	0	0.01575	10.7622	102.4831	561.2677	0.01575	0	0.99213	0.39393	0.19699
123	81	-0.99213	0	0.01575	10.7622	102.4831	561.2677	0.01575	0	0.99213	0.39393	0.19699
124	80	-0.99213	0	0.01575	11.09948	68.20684	575.90057	0.01575	0	0.99213	0.40173	0.21549
125	82	-0.99213	0	0.01575	11.09948	102.4831	575.90057	0.01575	0	0.99213	0.40153	0.19699
126	83	-0.01575	0	-0.99213	-29.43869	200.6055	568.01129	-0.99213	0	0.01575	0.07452	0.15789
127	84	-0.01575	0	-0.99213	-64.79038	203.6868	568.66321	-0.99213	0	0.01575	0.13781	0.15258
128	85	-0.01575	0	-0.99213	-25.54984	234.8732	567.93958	-0.99213	0	0.01575	0.06811	0.0935
129	85	-0.01575	0	-0.99213	-25.54984	234.8732	567.93958	-0.99213	0	0.01575	0.06811	0.0935
130	84	-0.01575	0	-0.99213	-64.79038	203.6868	568.66321	-0.99213	0	0.01575	0.13781	0.15258
131	86	-0.01575	0	-0.99213	-62.51604	240.2346	568.62128	-0.99213	0	0.01575	0.1348	0.08394
132	87	-0.02362	0	-0.99213	-24.02983	55.8291	511.40109	-0.99213	0	0.02362	0.92262	0.50212
133	88	-0.02362	0	-0.99213	-24.02983	129.89571	511.40109	-0.99213	0	0.02362	0.92065	0.33837
134	89	-0.02362	0	-0.99213	-16.62971	55.8291	511.18069	-0.99213	0	0.02362	0.91393	0.50212
135	89	-0.02362	0	-0.99213	-16.62971	55.8291	511.18069	-0.99213	0	0.02362	0.91393	0.50212
136	88	-0.02362	0	-0.99213	-24.02983	129.89571	511.40109	-0.99213	0	0.02362	0.92065	0.33837
137	90	-0.02362	0	-0.99213	-16.62971	129.89571	511.18069	-0.99213	0	0.02362	0.91215	0.33837
138	91	-0.02362	0	-0.99213	-16.62971	-0.70211	511.18069	-0.99213	0	0.02362	0.91432	0.36601
139	87	-0.02362	0	-0.99213	-24.02983	55.8291	511.40109	-0.99213	0	0.02362	0.92262	0.50212
140	89	-0.02362	0	-0.99213	-16.62971	55.8291	511.18069	-0.99213	0	0.02362	0.91393	0.50212
141	92	-0.02362	0	-0.99213	-24.02983	-0.70211	511.40109	-0.99213	0	0.02362	0.92302	0.36601
142	87	-0.02362	0	-0.99213	-24.02983	55.8291	511.40109	-0.99213	0	0.02362	0.92262	0.50212
143	91	-0.02362	0	-0.99213	-16.62971	-0.70211	511.18069	-0.99213	0	0.02362	0.91432	0.36601
144	93	0.01575	0	-0.99213	-24.52313	0.80825	366.33389	-0.99213	0	-0.01575	0.37475	0.32507
145	94	0.01575	0	-0.99213	-62.07154	0.76096	365.75101	-0.99213	0	-0.01575	0.40385	0.32497
146	95	0.01575	0	-0.99213	-24.59584	22.56194	366.38519	-0.99213	0	-0.01575	0.37475	0.30677
147	95	0.01575	0	-0.99213	-24.59584	22.56194	366.38519	-0.99213	0	-0.01575	0.37475	0.30677
148	94	0.01575	0	-0.99213	-62.07154	0.76096	365.75101	-0.99213	0	-0.01575	0.40385	0.32497
149	96	0.01575	0	-0.99213	-62.07154	22.56194	365.75101	-0.99213	0	-0.01575	0.40365	0.30657
150	97	0.99213	0	0	-16.62971	129.89571	511.18069	0	0	-0.99213	0.95405	0.33837
151	98	0.99213	0	0	-16.46371	129.89571	554.0752	0	0.00787	-0.99213	0.90424	0.33837
152	99	0.99213	0	0	-16.62971	55.8291	511.18069	0	0.00787	-0.99213	0.95583	0.50212
153	99	0.99213	0	0	-16.62971	55.8291	511.18069	0	0.00787	-0.99213	0.95583	0.50212
154	98	0.99213	0	0	-16.46371	129.89571	554.0752	0	0.00787	-0.99213	0.90424	0.33837
155	100	0.99213	0	0	-16.46371	55.03528	554.0752	0	0.01575	-0.99213	0.90504	0.50196
156	101	0.62205	0.77953	0	-48.23845	94.38693	147.7744	0	0	-0.99213	0.99847	0.85471
157	102	0.62205	0.77953	0	-47.95712	94.38693	192.974	0	0	-0.99213	0.84772	0.85471
158	103	0.94488	0.32283	0	-46.69455	92.41018	147.7646	0	0	-0.99213	0.99847	0.86335
159	101	0.62205	0.77953	0	-48.23845	94.38693	147.7744	0	0	-0.99213	0.99847	0.85471
160	104	0.4252	0.89764	0	-50.55191	95.49354	147.7932	0	0	-0.99213	0.99847	0.84606
161	102	0.62205	0.77953	0	-47.95712	94.38693	192.974	0	0	-0.99213	0.84772	0.85471
162	102	0.62205	0.77953	0	-47.95712	94.38693	192.974	0	0	-0.99213	0.84772	0.85471
163	104	0.4252	0.89764	0	-50.55191	95.49354	147.7932	0	0	-0.99213	0.99847	0.84606
164	105	0.4252	0.89764	0	-50.26197	95.49354	192.9881	0	0	-0.99213	0.84772	0.84606
165	103	0.94488	0.32283	0	-46.69455	92.41018	147.7646	0	0	-0.99213	0.99847	0.86335
166	102	0.62205	0.77953	0	-47.95712	94.38693	192.974	0	0	-0.99213	0.84772	0.85471
167	106	0.94488	0.32283	0	-46.40462	92.41018	192.9595	0	0	-0.99213	0.84772	0.86335
168	107	0.99213	0	0	-46.69455	53.24409	147.7646	0	0	-0.99213	0.99847	0.99902
169	106	0.94488	0.32283	0	-46.40462	92.41018	192.9595	0	0	-0.99213	0.84772	0.86335
170	108	0.99213	0	0	-46.40462	53.24409	192.9595	0	0	-0.99213	0.84772	0.99902
171	109	0.94488	0.32283	0	-46.69455	92.41018	147.7646	0	0	-0.99213	0.99847	0.86335
172	106	0.94488	0.32283	0	-46.40462	92.41018	192.9595	0	0	-0.99213	0.84772	0.86335
173	107	0.99213	0	0	-46.69455	53.24409	147.7646	0	0	-0.99213	0.99847	0.99902
174	110	0.99213	0	0	-26.89585	124.5205	209.9268	0	0	0.99213	0.79251	0.83613
175	111	0.99213	0	0	-27.00713	124.5205	192.8342	0	0	0.99213	0.76421	0.83633
176	112	0.99213	0	0	-26.89585	197.9912	209.9268	0	0	0.99213	0.79192	0.70987
177	112	0.99213	0	0	-26.89585	197.9912	209.9268	0	0	0.99213	0.79192	0.70987
178	111	0.99213	0	0	-27.00713	124.5205	192.8342	0	0	0.99213	0.76421	0.83633
179	113	0.99213	0	0	-27.00713	197.9912	192.8342	0	0	0.99213	0.76362	0.71006
180	114	-0.01575	0	-0.99213	-87.63592	0.10835	138.76131	-0.99213	0	0.01575	0.49739	0.40803
181	115	-0.01575	0	-0.99213	-87.63592	10.69199	138.76131	-0.99213	0	0.01575	0.49739	0.32777
182	116	-0.01575	0	-0.99213	-75.80081	0.10835	138.4856	-0.99213	0	0.01575	0.40451	0.40803
183	116	-0.01575	0	-0.99213	-75.80081	0.10835	138.4856	-0.99213	0	0.01575	0.40451	0.40803
184	115	-0.01575	0	-0.99213	-87.63592	10.69199	138.76131	-0.99213	0	0.01575	0.49739	0.32777
185	117	-0.01575	0	-0.99213	-75.77501	10.69436	138.53239	-0.99213	0	0.01575	0.40451	0.32777
186	118	-0.99213	0	-0.0315	10.33346	68.20684	531.55212	-0.0315	0	0.99213	0.37863	0.21569
187	119	-0.99213	0	0.01575	10.7622	68.20684	561.2677	0.01575	-0.00787	0.99213	0.39413	0.21559
188	120	-0.99213	0	-0.01575	10.33346	102.4831	531.55212	-0.01575	-0.00787	0.99213	0.37853	0.19719
189	120	-0.99213	0	-0.01575	10.33346	102.4831	531.55212	-0.01575	-0.00787	0.99213	0.37853	0.19719
190	119	-0.99213	0	0.01575	10.7622	68.20684	561.2677	0.01575	-0.00787	0.99213	0.39413	0.21559
191	121	-0.99213	0	0.01575	10.7622	102.4831	561.2677	0.01575	-0.00787	0.99213	0.39393	0.19699
192	118	-0.99213	0	-0.0315	10.33346	68.20684	531.55212	-0.0315	0	0.99213	0.37863	0.21569
193	122	-0.99213	0	0.01575	10.7622	33.94006	561.2677	0.01575	0	0.99213	0.39423	0.23409
194	123	-0.99213	0	0.01575	10.7622	68.20684	561.2677	0.01575	0	0.99213	0.39413	0.21559
195	124	-0.99213	0	-0.0315	10.33346	33.94006	531.55212	-0.0315	0	0.99213	0.37883	0.23419
196	122	-0.99213	0	0.01575	10.7622	33.94006	561.2677	0.01575	0	0.99213	0.39423	0.23409
197	118	-0.99213	0	-0.0315	10.33346	68.20684	531.55212	-0.0315	0	0.99213	0.37863	0.21569
198	124	-0.99213	0	-0.0315	10.33346	33.94006	531.55212	-0.0315	0	0.99213	0.37883	0.23419
199	125	-0.99213	0	0.01575	10.7622	-0.33618	561.2677	0.01575	0	0.99213	0.39443	0.25259
200	122	-0.99213	0	0.01575	10.7622	33.94006	561.2677	0.01575	0	0.99213	0.39423	0.23409
201	126	-0.99213	0	-0.0315	10.33346	-0.33618	531.55212	-0.0315	0	0.99213	0.37893	0.25269
202	125	-0.99213	0	0.01575	10.7622	-0.33618	561.2677	0.01575	0	0.99213	0.39443	0.25259
203	124	-0.99213	0	-0.0315	10.33346	33.94006	531.55212	-0.0315	0	0.99213	0.37883	0.23419
204	127	0	0	-0.99213	-26.99081	124.5205	192.8027	-0.99213	0	0	0.88987	0.66438
205	128	0	0	-0.99213	-98.92633	124.5205	193.2162	-0.99213	0	0	0.99663	0.66438
206	129	0	0	-0.99213	-26.99081	198.07629	192.8027	-0.99213	0	0	0.88987	0.55101
207	129	0	0	-0.99213	-26.99081	198.07629	192.8027	-0.99213	0	0	0.88987	0.55101
208	128	0	0	-0.99213	-98.92633	124.5205	193.2162	-0.99213	0	0	0.99663	0.66438
209	130	0	0	-0.99213	-98.92633	198.07629	193.2162	-0.99213	0	0	0.99663	0.55101
210	131	0.99213	0	-0.07874	-27.00713	10.69199	192.8342	-0.07874	0	-0.99213	0.14503	0.36615
211	132	0.99213	0	-0.00787	-26.9059	10.69199	209.13519	-0.00787	0	-0.99213	0.07904	0.3659
212	133	0.99213	0	0	-27.00713	10.57849	192.8342	0	0	-0.99213	0.14503	0.36639
213	133	0.99213	0	0	-27.00713	10.57849	192.8342	0	0	-0.99213	0.14503	0.36639
214	132	0.99213	0	-0.00787	-26.9059	10.69199	209.13519	-0.00787	0	-0.99213	0.07904	0.3659
215	134	0.99213	0	0	-26.9059	0.07052	209.13519	0	0	-0.99213	0.07904	0.40618
216	135	0	0	-0.99213	-49.17658	54.57768	137.7189	-0.99213	0	0	0.08722	0.0046
217	136	0	0	-0.99213	-40.2955	54.57768	137.6586	-0.99213	0	0	0.07272	0.0047
218	137	0	0	-0.99213	-49.17658	25.65262	137.7189	-0.99213	0	0	0.08761	0.05377
219	137	0	0	-0.99213	-49.17658	25.65262	137.7189	-0.99213	0	0	0.08761	0.05377
220	136	0	0	-0.99213	-40.2955	54.57768	137.6586	-0.99213	0	0	0.07272	0.0047
221	138	0	0	-0.99213	-40.29374	25.65262	137.7832	-0.99213	0	0	0.07305	0.05388
222	139	0.99213	0	0	-49.1833	25.65262	135.81419	0	0	-0.99213	0.09071	0.05281
223	140	0.99213	0	0	-49.17658	25.65262	137.7189	0	0	-0.99213	0.08761	0.05281
224	141	0.99213	0	-0.00787	-49.1833	10.69199	135.81419	-0.00787	0	-0.99213	0.09092	0.02738
225	141	0.99213	0	-0.00787	-49.1833	10.69199	135.81419	-0.00787	0	-0.99213	0.09092	0.02738
226	140	0.99213	0	0	-49.17658	25.65262	137.7189	0	0	-0.99213	0.08761	0.05281
227	142	0.99213	0	-0.00787	-49.15129	10.69968	138.0186	-0.00787	0	-0.99213	0.08782	0.02738
228	143	-0.00787	0	-0.99213	-40.29283	10.70145	137.8476	-0.99213	0	0.00787	0.40451	0.32777
229	144	-0.01575	0.01575	-0.99213	-40.2955	0.10835	137.6586	-0.99213	0	0.01575	0.40451	0.40803
230	145	-0.01575	0	-0.99213	-49.15129	10.69968	138.0186	-0.99213	0	0.01575	0.47337	0.32777
231	146	0	-0.99213	0	-87.63592	10.69199	138.76131	0.99213	0	0	0.14928	0.04776
232	147	0	-0.99213	0	-87.65744	10.69199	136.0564	0.99213	0	0	0.14548	0.03976
233	148	0	-0.99213	0	-75.77501	10.69436	138.53239	0.99213	0	0	0.17859	0.04728
234	147	0	-0.99213	0	-87.65744	10.69199	136.0564	0.99213	0	0	0.14548	0.03976
235	149	0	-0.99213	0	-49.1833	10.69199	135.81419	0.99213	0	0	0.24128	0.03966
236	148	0	-0.99213	0	-75.77501	10.69436	138.53239	0.99213	0	0	0.17859	0.04728
237	148	0	-0.99213	0	-75.77501	10.69436	138.53239	0.99213	0	0	0.17859	0.04728
238	149	0	-0.99213	0	-49.1833	10.69199	135.81419	0.99213	0	0	0.24128	0.03966
239	150	0	-0.99213	0	-63.9141	10.69673	138.3035	0.99213	0	0	0.2079	0.04681
240	149	0	-0.99213	0	-49.1833	10.69199	135.81419	0.99213	0	0	0.24128	0.03966
241	151	0	-0.99213	0	-52.05319	10.6991	138.0746	0.99213	0	0	0.23721	0.04633
242	150	0	-0.99213	0	-63.9141	10.69673	138.3035	0.99213	0	0	0.2079	0.04681
243	152	0	-0.99213	0	-49.15129	10.69968	138.0186	0.99213	0	0	0.24439	0.04621
244	151	0	-0.99213	0	-52.05319	10.6991	138.0746	0.99213	0	0	0.23721	0.04633
245	149	0	-0.99213	0	-49.1833	10.69199	135.81419	0.99213	0	0	0.24128	0.03966
246	153	0	0	-0.99213	-49.1833	10.69199	135.81419	-0.99213	0	0	0.09092	0.02738
247	154	0	0	-0.99213	-86.44053	25.65262	136.04919	-0.99213	0	0	0.1517	0.05329
248	155	0	0	-0.99213	-49.1833	25.65262	135.81419	-0.99213	0	0	0.09071	0.05281
249	154	0	0	-0.99213	-86.44053	25.65262	136.04919	-0.99213	0	0	0.1517	0.05329
250	156	0	0	-0.99213	-49.1833	54.57768	135.81419	-0.99213	0	0	0.09032	0.0046
251	157	0	0	-0.99213	-49.1833	25.65262	135.81419	-0.99213	0	0	0.09071	0.05377
252	158	0	0	-0.99213	-158.47411	54.57768	136.5038	-0.99213	0	0	0.26922	0.0032
253	156	0	0	-0.99213	-49.1833	54.57768	135.81419	-0.99213	0	0	0.09032	0.0046
254	154	0	0	-0.99213	-86.44053	25.65262	136.04919	-0.99213	0	0	0.1517	0.05329
255	159	-0.99213	0	-0.07874	13.32631	68.20684	496.80551	-0.07874	0	0.99213	0.36053	0.21579
256	160	-0.99213	0	-0.0315	10.33346	68.20684	531.55212	-0.0315	0	0.99213	0.37863	0.21569
257	161	-0.99213	0	-0.07874	13.32631	102.4831	496.80551	-0.07874	0	0.99213	0.36043	0.19729
258	161	-0.99213	0	-0.07874	13.32631	102.4831	496.80551	-0.07874	0	0.99213	0.36043	0.19729
259	160	-0.99213	0	-0.0315	10.33346	68.20684	531.55212	-0.0315	0	0.99213	0.37863	0.21569
260	162	-0.99213	0	-0.01575	10.33346	102.4831	531.55212	-0.01575	0	0.99213	0.37853	0.19719
261	163	-0.99213	0	-0.07874	13.32631	68.20684	496.80551	-0.07874	-0.00787	0.99213	0.36053	0.21579
262	164	-0.99213	0	-0.0315	10.33346	33.94006	531.55212	-0.0315	-0.00787	0.99213	0.37883	0.23419
263	160	-0.99213	0	-0.0315	10.33346	68.20684	531.55212	-0.0315	0	0.99213	0.37863	0.21569
264	165	-0.99213	0	-0.07874	13.32631	33.94006	496.80551	-0.07874	-0.00787	0.99213	0.36073	0.23439
265	164	-0.99213	0	-0.0315	10.33346	33.94006	531.55212	-0.0315	-0.00787	0.99213	0.37883	0.23419
266	163	-0.99213	0	-0.07874	13.32631	68.20684	496.80551	-0.07874	-0.00787	0.99213	0.36053	0.21579
267	166	-0.97638	0	-0.19685	43.7907	110.7873	186.9727	-0.19685	0	0.97638	0.96111	0.40181
268	167	-0.97638	0	-0.19685	54.13653	110.7873	162.9156	-0.19685	0	0.97638	0.92692	0.40181
269	168	-0.97638	0	-0.19685	43.7907	50.54852	186.9727	-0.19685	0	0.97638	0.96111	0.47216
270	169	-0.99213	0	0.00787	44.05667	110.7873	217.98399	0.00787	0	0.99213	0.9953	0.40181
271	170	-0.99213	0	0.00787	44.05667	166.2971	217.98399	0.00787	0	0.99213	0.9953	0.33698
272	166	-0.97638	0	-0.19685	43.7907	110.7873	186.9727	-0.19685	0	0.97638	0.96111	0.40181
273	169	-0.99213	0	0.00787	44.05667	110.7873	217.98399	0.00787	0	0.99213	0.9953	0.40181
274	166	-0.97638	0	-0.19685	43.7907	110.7873	186.9727	-0.19685	0	0.97638	0.96111	0.40181
275	171	-0.99213	0	0.00787	44.05667	50.54852	217.98399	0.00787	0	0.99213	0.9953	0.47216
276	166	-0.97638	0	-0.19685	43.7907	110.7873	186.9727	-0.19685	0	0.97638	0.96111	0.40181
277	170	-0.99213	0	0.00787	44.05667	166.2971	217.98399	0.00787	0	0.99213	0.9953	0.33698
278	172	-0.97638	0	-0.19685	43.7907	166.2971	186.9727	-0.19685	0	0.97638	0.96111	0.33698
279	171	-0.99213	0	0.00787	44.05667	50.54852	217.98399	0.00787	0	0.99213	0.9953	0.47216
280	166	-0.97638	0	-0.19685	43.7907	110.7873	186.9727	-0.19685	0	0.97638	0.96111	0.40181
281	168	-0.97638	0	-0.19685	43.7907	50.54852	186.9727	-0.19685	0	0.97638	0.96111	0.47216
282	166	-0.97638	0	-0.19685	43.7907	110.7873	186.9727	-0.19685	0	0.97638	0.96111	0.40181
283	172	-0.97638	0	-0.19685	43.7907	166.2971	186.9727	-0.19685	0	0.97638	0.96111	0.33698
284	167	-0.97638	0	-0.19685	54.13653	110.7873	162.9156	-0.19685	0	0.97638	0.92692	0.40181
285	171	-0.99213	0	0.00787	44.05667	50.54852	217.98399	0.00787	0	0.99213	0.9953	0.47216
286	168	-0.97638	0	-0.19685	43.7907	50.54852	186.9727	-0.19685	0	0.97638	0.96111	0.47216
287	173	-0.99213	0	0.00787	44.05667	25.8439	217.98399	0.00787	0	0.99213	0.9953	0.50102
288	167	-0.97638	0	-0.19685	54.13653	110.7873	162.9156	-0.19685	0	0.97638	0.92692	0.40181
289	172	-0.97638	0	-0.19685	43.7907	166.2971	186.9727	-0.19685	0	0.97638	0.96111	0.33698
290	174	-0.96063	0	-0.25984	54.13653	166.2971	162.9156	-0.25984	0	0.96063	0.92692	0.33698
291	173	-0.99213	0	0.00787	44.05667	25.8439	217.98399	0.00787	0	0.99213	0.9953	0.50102
292	168	-0.97638	0	-0.19685	43.7907	50.54852	186.9727	-0.19685	0	0.97638	0.96111	0.47216
293	175	-0.97638	0	-0.19685	43.7907	25.8439	186.9727	-0.19685	0	0.97638	0.96111	0.50102
294	176	-0.99213	0	0.00787	54.0063	166.2971	146.64861	0.00787	0	0.99213	0.90894	0.33698
295	167	-0.97638	0	-0.19685	54.13653	110.7873	162.9156	-0.19685	0	0.97638	0.92692	0.40181
296	174	-0.96063	0	-0.25984	54.13653	166.2971	162.9156	-0.25984	0	0.96063	0.92692	0.33698
297	168	-0.97638	0	-0.19685	43.7907	50.54852	186.9727	-0.19685	0	0.97638	0.96111	0.47216
298	177	-0.97638	0	-0.19685	54.13653	50.54852	162.9156	-0.19685	0	0.97638	0.92692	0.47216
299	175	-0.97638	0	-0.19685	43.7907	25.8439	186.9727	-0.19685	0	0.97638	0.96111	0.50102
300	168	-0.97638	0	-0.19685	43.7907	50.54852	186.9727	-0.19685	0	0.97638	0.96111	0.47216
301	167	-0.97638	0	-0.19685	54.13653	110.7873	162.9156	-0.19685	0	0.97638	0.92692	0.40181
302	177	-0.97638	0	-0.19685	54.13653	50.54852	162.9156	-0.19685	0	0.97638	0.92692	0.47216
303	175	-0.97638	0	-0.19685	43.7907	25.8439	186.9727	-0.19685	0	0.97638	0.96111	0.50102
304	177	-0.97638	0	-0.19685	54.13653	50.54852	162.9156	-0.19685	0	0.97638	0.92692	0.47216
305	178	-0.97638	0	-0.19685	54.13653	25.8439	162.9156	-0.19685	0	0.97638	0.92692	0.50102
306	179	-0.99213	0	0.00787	54.0063	110.7873	146.64861	0.00787	0	0.99213	0.90894	0.40181
307	167	-0.97638	0	-0.19685	54.13653	110.7873	162.9156	-0.19685	0	0.97638	0.92692	0.40181
308	176	-0.99213	0	0.00787	54.0063	166.2971	146.64861	0.00787	0	0.99213	0.90894	0.33698
309	179	-0.99213	0	0.00787	54.0063	110.7873	146.64861	0.00787	0	0.99213	0.90894	0.40181
310	177	-0.97638	0	-0.19685	54.13653	50.54852	162.9156	-0.19685	0	0.97638	0.92692	0.47216
311	167	-0.97638	0	-0.19685	54.13653	110.7873	162.9156	-0.19685	0	0.97638	0.92692	0.40181
312	180	-0.99213	0	0.00787	53.88414	166.2971	131.9082	0.00787	0	0.99213	0.89253	0.33698
313	179	-0.99213	0	0.00787	54.0063	110.7873	146.64861	0.00787	0	0.99213	0.90894	0.40181
314	176	-0.99213	0	0.00787	54.0063	166.2971	146.64861	0.00787	0	0.99213	0.90894	0.33698
315	181	-0.99213	0	0.00787	53.88414	110.7873	131.9082	0.00787	0	0.99213	0.89253	0.40181
316	179	-0.99213	0	0.00787	54.0063	110.7873	146.64861	0.00787	0	0.99213	0.90894	0.40181
317	180	-0.99213	0	0.00787	53.88414	166.2971	131.9082	0.00787	0	0.99213	0.89253	0.33698
318	182	-0.99213	0	0.00787	54.0063	50.54852	146.64861	0.00787	0	0.99213	0.90894	0.47216
319	178	-0.97638	0	-0.19685	54.13653	25.8439	162.9156	-0.19685	0	0.97638	0.92692	0.50102
320	177	-0.97638	0	-0.19685	54.13653	50.54852	162.9156	-0.19685	0	0.97638	0.92692	0.47216
321	182	-0.99213	0	0.00787	54.0063	50.54852	146.64861	0.00787	0	0.99213	0.90894	0.47216
322	177	-0.97638	0	-0.19685	54.13653	50.54852	162.9156	-0.19685	0	0.97638	0.92692	0.47216
323	179	-0.99213	0	0.00787	54.0063	110.7873	146.64861	0.00787	0	0.99213	0.90894	0.40181
324	181	-0.99213	0	0.00787	53.88414	110.7873	131.9082	0.00787	0	0.99213	0.89253	0.40181
325	182	-0.99213	0	0.00787	54.0063	50.54852	146.64861	0.00787	0	0.99213	0.90894	0.47216
326	179	-0.99213	0	0.00787	54.0063	110.7873	146.64861	0.00787	0	0.99213	0.90894	0.40181
327	183	-0.99213	0	0.00787	54.0063	25.8439	146.64861	0.00787	0	0.99213	0.90894	0.50102
328	178	-0.97638	0	-0.19685	54.13653	25.8439	162.9156	-0.19685	0	0.97638	0.92692	0.50102
329	182	-0.99213	0	0.00787	54.0063	50.54852	146.64861	0.00787	0	0.99213	0.90894	0.47216
330	184	-0.99213	0	0.00787	53.88414	50.54852	131.9082	0.00787	0	0.99213	0.89253	0.47216
331	182	-0.99213	0	0.00787	54.0063	50.54852	146.64861	0.00787	0	0.99213	0.90894	0.47216
332	181	-0.99213	0	0.00787	53.88414	110.7873	131.9082	0.00787	0	0.99213	0.89253	0.40181
333	184	-0.99213	0	0.00787	53.88414	50.54852	131.9082	0.00787	0	0.99213	0.89253	0.47216
334	183	-0.99213	0	0.00787	54.0063	25.8439	146.64861	0.00787	0	0.99213	0.90894	0.50102
335	182	-0.99213	0	0.00787	54.0063	50.54852	146.64861	0.00787	0	0.99213	0.90894	0.47216
336	185	-0.99213	0	0.00787	53.88414	25.8439	131.9082	0.00787	0	0.99213	0.89253	0.50102
337	183	-0.99213	0	0.00787	54.0063	25.8439	146.64861	0.00787	0	0.99213	0.90894	0.50102
338	184	-0.99213	0	0.00787	53.88414	50.54852	131.9082	0.00787	0	0.99213	0.89253	0.47216
339	186	0	0	-0.99213	-49.1833	10.69199	135.81419	-0.99213	-0.00787	0	0.09092	0.02738
340	187	0	0	-0.99213	-87.65744	10.69199	136.0564	-0.99213	-0.00787	0	0.15382	0.02808
341	188	0	0	-0.99213	-86.44053	25.65262	136.04919	-0.99213	-0.00787	0	0.1517	0.05329
342	188	0	0	-0.99213	-86.44053	25.65262	136.04919	-0.99213	-0.00787	0	0.1517	0.05329
343	187	0	0	-0.99213	-87.65744	10.69199	136.0564	-0.99213	-0.00787	0	0.15382	0.02808
344	189	0	0	-0.99213	-158.4798	25.65262	136.5069	-0.99213	0	0	0.26955	0.05423
345	187	0	0	-0.99213	-87.65744	10.69199	136.0564	-0.99213	-0.00787	0	0.15382	0.02808
346	190	0	0	-0.99213	-158.4827	11.08923	136.5085	-0.99213	0	0	0.26972	0.02948
347	189	0	0	-0.99213	-158.4798	25.65262	136.5069	-0.99213	0	0	0.26955	0.05423
348	191	0.99213	0	0.02362	-24.59584	22.56194	366.38519	0	0.99213	0	0.31934	0.31515
349	192	0.99213	0	0.02362	-24.77095	73.70201	366.5155	0	0.99213	0	0.38509	0.31515
350	193	0.99213	0	0.02362	-26.71547	22.56194	449.54129	0	0.99213	0	0.31934	0.26122
351	193	0.99213	0	0.02362	-26.71547	22.56194	449.54129	0	0.99213	0	0.31934	0.26122
352	192	0.99213	0	0.02362	-24.77095	73.70201	366.5155	0	0.99213	0	0.38509	0.31515
353	194	0.99213	0	0.02362	-26.88198	73.46556	449.66681	0	0.99213	0	0.38509	0.26122
354	195	0	0	-0.99213	-161.67551	124.5205	138.2818	-0.99213	0	0	0.99837	0.83291
355	196	0	0	-0.99213	-161.67551	197.9912	138.283	-0.99213	0	0	0.99837	0.71083
356	197	0	0	-0.99213	-40.2955	124.5205	137.6586	-0.99213	0	0	0.78252	0.83291
357	197	0	0	-0.99213	-40.2955	124.5205	137.6586	-0.99213	0	0	0.78252	0.83291
358	196	0	0	-0.99213	-161.67551	197.9912	138.283	-0.99213	0	0	0.99837	0.71083
359	198	0	0	-0.99213	-40.29542	197.9912	137.66721	-0.99213	0	0	0.78252	0.71083
360	199	0.99213	0	0	-40.1848	22.17415	154.75121	0	-0.01575	-0.99213	0.07292	0.0596
361	200	0.99213	0	0	-40.19669	25.65262	152.9164	0	0	-0.99213	0.07594	0.05373
362	201	0.99213	0	0	-40.1848	24.38735	154.75121	0	-0.00787	-0.99213	0.07292	0.0559
363	201	0.99213	0	0	-40.1848	24.38735	154.75121	0	-0.00787	-0.99213	0.07292	0.0559
364	200	0.99213	0	0	-40.19669	25.65262	152.9164	0	0	-0.99213	0.07594	0.05373
365	202	0.99213	0	0	-40.1848	54.19936	154.75121	0	0	-0.99213	0.07322	0.0054
366	203	0.99213	0	0	-40.2955	54.57768	137.6586	0	0	-0.99213	0.10112	0.0049
367	202	0.99213	0	0	-40.1848	54.19936	154.75121	0	0	-0.99213	0.07322	0.0054
368	200	0.99213	0	0	-40.19669	25.65262	152.9164	0	0	-0.99213	0.07594	0.05373
369	204	0.99213	0	0	-40.29283	10.70145	137.8476	0	0	-0.99213	0.10002	0.02738
370	205	0.99213	0	0	-40.29374	25.65262	137.7832	0	0	-0.99213	0.10039	0.0527
371	206	0.99213	0	0	-40.16758	11.04194	154.7417	0	0	-0.99213	0.07282	0.02808
372	206	0.99213	0	0	-40.16758	11.04194	154.7417	0	0	-0.99213	0.07282	0.02808
373	205	0.99213	0	0	-40.29374	25.65262	137.7832	0	0	-0.99213	0.10039	0.0527
374	207	0.99213	0	0	-40.1848	22.17415	154.75121	0	0	-0.99213	0.07292	0.04698
375	208	0.99213	0	0	-40.19669	25.65262	152.9164	0	0	-0.99213	0.07594	0.05285
376	207	0.99213	0	0	-40.1848	22.17415	154.75121	0	0	-0.99213	0.07292	0.04698
377	205	0.99213	0	0	-40.29374	25.65262	137.7832	0	0	-0.99213	0.10039	0.0527
378	209	0.01575	0	-0.99213	-62.07154	22.56194	365.75101	0	0.99213	0	0.31934	0.26122
379	210	0.01575	0	-0.99213	-62.04957	73.55068	365.75021	0	0.99213	0	0.38509	0.26122
380	211	0.01575	0	-0.99213	-24.59584	22.56194	366.38519	0	0.99213	0	0.31934	0.31515
381	211	0.01575	0	-0.99213	-24.59584	22.56194	366.38519	0	0.99213	0	0.31934	0.31515
382	210	0.01575	0	-0.99213	-62.04957	73.55068	365.75021	0	0.99213	0	0.38509	0.26122
383	212	0.01575	0	-0.99213	-24.77095	73.70201	366.5155	0	0.99213	0	0.38509	0.31515
384	213	0.99213	0	-0.00787	-26.89585	59.46754	209.9268	0	0.48819	0.86614	0.79094	0.73641
385	214	0.99213	0	-0.00787	-26.89585	54.57768	209.9268	0.00787	0.07874	0.99213	0.79094	0.7448
386	215	0.99213	0	-0.00787	-26.9059	10.69199	209.13519	0.00787	0.07874	0.99213	0.79016	0.81935
387	215	0.99213	0	-0.00787	-26.9059	10.69199	209.13519	0.00787	0.07874	0.99213	0.79016	0.81935
388	214	0.99213	0	-0.00787	-26.89585	54.57768	209.9268	0.00787	0.07874	0.99213	0.79094	0.7448
389	216	0.99213	0	-0.00787	-26.89585	52.03345	209.9268	0.00787	-0.33858	0.93701	0.79094	0.74909
390	217	0.99213	0	-0.07874	-27.00713	14.39957	192.8342	0.07874	0	0.99213	0.76343	0.8131
391	218	0.99213	0	0	-27.00713	60.63088	192.8342	0	0	0.99213	0.76304	0.73465
392	219	0.99213	0	-0.00787	-26.89585	59.46754	209.9268	0.00787	0	0.99213	0.79094	0.73641
393	220	0.99213	0	-0.07874	-27.00713	10.69199	192.8342	0.07874	0	0.99213	0.76362	0.81935
394	221	0.99213	0	-0.07874	-27.00713	14.39957	192.8342	0.07874	0	0.99213	0.76343	0.8131
395	222	0.99213	0	-0.00787	-26.9059	10.69199	209.13519	0.00787	0	0.99213	0.79016	0.81935
396	222	0.99213	0	-0.00787	-26.9059	10.69199	209.13519	0.00787	0	0.99213	0.79016	0.81935
397	221	0.99213	0	-0.07874	-27.00713	14.39957	192.8342	0.07874	0	0.99213	0.76343	0.8131
398	223	0.99213	0	-0.00787	-26.89585	59.46754	209.9268	0.00787	0	0.99213	0.79094	0.73641
399	224	0.99213	0	0	-40.2955	124.5205	137.6586	0	0	-0.99213	0.79326	0.83276
400	225	0.99213	0	0	-40.29542	197.9912	137.66721	0	0	-0.99213	0.79325	0.71082
401	226	0.99213	0	0	-40.1848	124.5205	154.75121	0	0	-0.99213	0.76428	0.83276
402	226	0.99213	0	0	-40.1848	124.5205	154.75121	0	0	-0.99213	0.76428	0.83276
403	225	0.99213	0	0	-40.29542	197.9912	137.66721	0	0	-0.99213	0.79325	0.71082
404	227	0.99213	0	0	-40.1848	197.9912	154.75121	0	0	-0.99213	0.76428	0.71082
405	228	0.99213	0	-0.00787	-26.89585	10.69199	209.9268	0.00787	0	0.99213	0.79153	0.81935
406	229	0.99213	0	-0.00787	-26.9059	10.69199	209.13519	0.00787	-0.07874	0.99213	0.79016	0.81935
407	230	0.99213	0	-0.00787	-26.89585	24.38735	209.9268	0.00787	-0.07874	0.99213	0.79133	0.79593
408	230	0.99213	0	-0.00787	-26.89585	24.38735	209.9268	0.00787	-0.07874	0.99213	0.79133	0.79593
409	229	0.99213	0	-0.00787	-26.9059	10.69199	209.13519	0.00787	-0.07874	0.99213	0.79016	0.81935
410	231	0.99213	0	-0.00787	-26.89585	52.03345	209.9268	0.00787	-0.15748	0.98425	0.79094	0.74909
411	232	-0.99213	0	0.01575	10.7622	33.94006	561.2677	0.01575	-0.00787	0.99213	0.39423	0.23409
412	233	-0.99213	0	0.01575	11.09948	33.94006	575.90057	0.01575	-0.00787	0.99213	0.40183	0.23399
413	234	-0.99213	0	0.01575	10.7622	68.20684	561.2677	0.01575	-0.00787	0.99213	0.39413	0.21559
414	234	-0.99213	0	0.01575	10.7622	68.20684	561.2677	0.01575	-0.00787	0.99213	0.39413	0.21559
415	233	-0.99213	0	0.01575	11.09948	33.94006	575.90057	0.01575	-0.00787	0.99213	0.40183	0.23399
416	235	-0.99213	0	0.01575	11.09948	68.20684	575.90057	0.01575	-0.00787	0.99213	0.40173	0.21549
417	232	-0.99213	0	0.01575	10.7622	33.94006	561.2677	0.01575	-0.00787	0.99213	0.39423	0.23409
418	236	-0.99213	0	0.01575	11.09948	-0.33618	575.90057	0.01575	-0.00787	0.99213	0.40203	0.25249
419	233	-0.99213	0	0.01575	11.09948	33.94006	575.90057	0.01575	-0.00787	0.99213	0.40183	0.23399
420	237	-0.99213	0	0.01575	10.7622	-0.33618	561.2677	0.01575	-0.00787	0.99213	0.39443	0.25259
421	236	-0.99213	0	0.01575	11.09948	-0.33618	575.90057	0.01575	-0.00787	0.99213	0.40203	0.25249
422	232	-0.99213	0	0.01575	10.7622	33.94006	561.2677	0.01575	-0.00787	0.99213	0.39423	0.23409
423	238	0.40157	-0.00787	-0.91339	-39.78955	37.05178	154.76649	0.91339	0	0.40157	0.98348	0.90904
424	239	0.35433	-0.01575	-0.92913	-39.96972	10.69199	154.9894	0.92913	0	0.35433	0.98348	0.99886
425	240	0.1811	-0.00787	-0.97638	-46.66013	37.05178	153.50481	0.97638	0	0.1811	0.95906	0.90904
426	240	0.1811	-0.00787	-0.97638	-46.66013	37.05178	153.50481	0.97638	0	0.1811	0.95906	0.90904
427	239	0.35433	-0.01575	-0.92913	-39.96972	10.69199	154.9894	0.92913	0	0.35433	0.98348	0.99886
428	241	0.1811	-0.01575	-0.97638	-46.73909	10.69199	153.728	0.97638	0	0.1811	0.95906	0.99886
429	242	0.40157	-0.00787	-0.91339	-39.78955	37.05178	154.76649	0.91339	0	0.40157	0.98348	0.90904
430	243	0.64567	-0.00787	-0.75591	-36.38345	10.69199	157.17599	0.75591	0	0.64567	0.99786	0.99886
431	244	0.35433	-0.01575	-0.92913	-39.96972	10.69199	154.9894	0.92913	0	0.35433	0.98348	0.99886
432	245	0.99213	0	-0.05512	48.59188	168.47211	574.77417	-0.05512	0	-0.99213	0.7249	0.92335
433	246	0.99213	0	-0.05512	48.59188	102.4831	574.77417	-0.05512	0	-0.99213	0.7249	0.99854
434	247	0.97638	0	-0.1811	47.72514	168.47211	560.32111	-0.1811	0	-0.97638	0.7399	0.92335
435	245	0.99213	0	-0.05512	48.59188	168.47211	574.77417	-0.05512	0	-0.99213	0.7249	0.92335
436	247	0.97638	0	-0.1811	47.72514	168.47211	560.32111	-0.1811	0	-0.97638	0.7399	0.92335
437	248	0.99213	0	-0.05512	48.59188	231.68649	574.77417	-0.05512	0	-0.99213	0.7251	0.85141
438	248	0.99213	0	-0.05512	48.59188	231.68649	574.77417	-0.05512	0	-0.99213	0.7251	0.85141
439	247	0.97638	0	-0.1811	47.72514	168.47211	560.32111	-0.1811	0	-0.97638	0.7399	0.92335
440	249	0.97638	0	-0.1811	47.72514	231.68649	560.32111	-0.1811	0	-0.97638	0.7399	0.85141
441	247	0.97638	0	-0.1811	47.72514	168.47211	560.32111	-0.1811	0	-0.97638	0.7399	0.92335
442	246	0.99213	0	-0.05512	48.59188	102.4831	574.77417	-0.05512	0	-0.99213	0.7249	0.99854
443	250	0.97638	0	-0.1811	47.72514	102.4831	560.32111	-0.1811	0	-0.97638	0.73969	0.99854
444	247	0.97638	0	-0.1811	47.72514	168.47211	560.32111	-0.1811	0	-0.97638	0.7399	0.92335
445	250	0.97638	0	-0.1811	47.72514	102.4831	560.32111	-0.1811	0	-0.97638	0.73969	0.99854
446	251	0.95276	0	-0.29921	38.5687	168.47211	531.28882	-0.29921	0	-0.95276	0.7711	0.92335
447	251	0.95276	0	-0.29921	38.5687	168.47211	531.28882	-0.29921	0	-0.95276	0.7711	0.92335
448	250	0.97638	0	-0.1811	47.72514	102.4831	560.32111	-0.1811	0	-0.97638	0.73969	0.99854
449	252	0.96063	0	-0.25197	38.5687	102.4831	531.28882	-0.25197	0	-0.96063	0.7709	0.99854
450	247	0.97638	0	-0.1811	47.72514	168.47211	560.32111	-0.1811	0	-0.97638	0.7399	0.92335
451	253	0.95276	0	-0.29921	38.5687	168.47211	531.28882	-0.29921	0	-0.95276	0.7711	0.92335
452	254	0.97638	0	-0.1811	47.72514	231.68649	560.32111	-0.1811	0	-0.97638	0.7399	0.85141
453	254	0.97638	0	-0.1811	47.72514	231.68649	560.32111	-0.1811	0	-0.97638	0.7399	0.85141
454	253	0.95276	0	-0.29921	38.5687	168.47211	531.28882	-0.29921	0	-0.95276	0.7711	0.92335
455	255	0.95276	0	-0.29921	38.5687	231.68649	531.28882	-0.29921	0	-0.95276	0.7711	0.85161
456	256	0.99213	0	0.02362	-31.02815	103.2114	372.47079	0	0.99213	0	0.37866	0.29923
457	257	0.99213	0	0.02362	-32.90259	102.9276	443.5354	0	0.99213	0	0.37866	0.26119
458	258	0.99213	0	0.02362	-30.99373	93.38437	372.45181	0	0.99213	0	0.3598	0.29923
459	258	0.99213	0	0.02362	-30.99373	93.38437	372.45181	0	0.99213	0	0.3598	0.29923
460	257	0.99213	0	0.02362	-32.90259	102.9276	443.5354	0	0.99213	0	0.37866	0.26119
461	259	0.99213	0	0.02362	-32.87677	93.09116	443.52121	0	0.99213	0	0.3598	0.26119
462	260	0.89764	0	-0.43307	-23.92086	-0.70211	476.8197	-0.43307	0	-0.89764	0.90604	0.38575
463	261	0.30709	0	-0.94488	-32.31517	-0.70211	470.41489	-0.94488	0	-0.30709	0.92617	0.38575
464	262	0.89764	0	-0.43307	-23.92086	55.8291	476.8197	-0.43307	0	-0.89764	0.90523	0.49893
465	262	0.89764	0	-0.43307	-23.92086	55.8291	476.8197	-0.43307	0	-0.89764	0.90523	0.49893
466	261	0.30709	0	-0.94488	-32.31517	-0.70211	470.41489	-0.94488	0	-0.30709	0.92617	0.38575
467	263	0.30709	0	-0.94488	-32.31517	55.8291	470.41489	-0.94488	0	-0.30709	0.92536	0.49893
468	261	0.30709	0	-0.94488	-32.31517	-0.70211	470.41489	-0.94488	0	-0.30709	0.92617	0.38575
469	264	-0.01575	0	-0.99213	-69.03383	-0.70211	471.09201	-0.99213	0	0.01575	0.99501	0.38575
470	265	0.30709	0	-0.94488	-32.31517	55.8291	470.41489	-0.94488	0	-0.30709	0.92536	0.49893
471	265	0.30709	0	-0.94488	-32.31517	55.8291	470.41489	-0.94488	0	-0.30709	0.92536	0.49893
472	264	-0.01575	0	-0.99213	-69.03383	-0.70211	471.09201	-0.99213	0	0.01575	0.99501	0.38575
473	266	-0.01575	0	-0.99213	-69.03383	55.8291	471.09201	-0.99213	0	0.01575	0.9938	0.49847
474	267	0.99213	0	0.00787	-24.02359	-0.70211	483.41019	0.00787	0	-0.99213	0.89396	0.38575
475	260	0.89764	0	-0.43307	-23.92086	-0.70211	476.8197	-0.43307	0	-0.89764	0.90604	0.38575
476	268	0.99213	0	0.00787	-24.02359	55.8291	483.41019	0.00787	0	-0.99213	0.89315	0.49893
477	268	0.99213	0	0.00787	-24.02359	55.8291	483.41019	0.00787	0	-0.99213	0.89315	0.49893
478	260	0.89764	0	-0.43307	-23.92086	-0.70211	476.8197	-0.43307	0	-0.89764	0.90604	0.38575
479	262	0.89764	0	-0.43307	-23.92086	55.8291	476.8197	-0.43307	0	-0.89764	0.90523	0.49893
480	268	0.99213	0	0.00787	-24.02359	55.8291	483.41019	0.00787	0	-0.99213	0.89315	0.49893
481	262	0.89764	0	-0.43307	-23.92086	55.8291	476.8197	-0.43307	0	-0.89764	0.90523	0.49893
482	269	0.99213	0	0.00787	-24.02359	129.89571	483.41019	0.00787	0	-0.99213	0.89114	0.33188
483	269	0.99213	0	0.00787	-24.02359	129.89571	483.41019	0.00787	0	-0.99213	0.89114	0.33188
484	262	0.89764	0	-0.43307	-23.92086	55.8291	476.8197	-0.43307	0	-0.89764	0.90523	0.49893
485	270	0.89764	0	-0.43307	-23.92086	129.89571	476.8197	-0.43307	0	-0.89764	0.90362	0.33188
486	262	0.89764	0	-0.43307	-23.92086	55.8291	476.8197	-0.43307	0	-0.89764	0.90523	0.49893
487	271	0.30709	0	-0.94488	-32.31517	55.8291	470.41489	-0.94488	-0.00787	-0.30709	0.92536	0.49893
488	272	0.89764	0	-0.43307	-23.92086	129.89571	476.8197	-0.43307	-0.00787	-0.89764	0.90362	0.33188
489	272	0.89764	0	-0.43307	-23.92086	129.89571	476.8197	-0.43307	-0.00787	-0.89764	0.90362	0.33188
490	271	0.30709	0	-0.94488	-32.31517	55.8291	470.41489	-0.94488	-0.00787	-0.30709	0.92536	0.49893
491	273	0.30709	0	-0.94488	-32.31517	129.89571	470.41489	-0.94488	-0.01575	-0.30709	0.92335	0.33143
492	274	-0.99213	0	-0.11811	22.99662	8.18559	144.7428	-0.11811	0	0.99213	0.29816	0.24753
493	275	-0.99213	0	-0.07087	23.74273	8.18559	138.6183	-0.07087	0	0.99213	0.25094	0.24753
494	276	-0.99213	0	-0.11811	22.99662	0.10835	144.7428	-0.11811	0	0.99213	0.29816	0.31282
495	276	-0.99213	0	-0.11811	22.99662	0.10835	144.7428	-0.11811	0	0.99213	0.29816	0.31282
496	275	-0.99213	0	-0.07087	23.74273	8.18559	138.6183	-0.07087	0	0.99213	0.25094	0.24753
497	277	-0.99213	0	-0.07087	23.74273	0.10835	138.6183	-0.07087	0	0.99213	0.25094	0.31282
498	275	-0.99213	0	-0.07087	23.74273	8.18559	138.6183	-0.07087	0	0.99213	0.25094	0.24753
